Metric,Value
Accuracy,0.21568627450980393
Precision,0.04745098039215686
Recall,0.21568627450980393
F1 Score,0.07778849244615879
